PATIENTID	SURVIVAL_STATUS
patient_126	0
patient_140	0
patient_163	1
patient_193	0
patient_197	1
patient_207	1
patient_210	1
patient_260	1
patient_262	1
patient_269	1
patient_275	1
patient_277	0
patient_281	0
patient_288	1
patient_311	1
patient_334	1
patient_343	1
patient_347	1
patient_36	0
patient_385	1
patient_386	1
patient_396	1
patient_417	0
patient_419	1
patient_436	1
patient_440	0
patient_476	0
patient_495	0
patient_52	1
patient_521	1
patient_538	1
patient_572	0
patient_579	1
patient_582	1
patient_587	1
patient_622	1
patient_636	0
patient_646	1
patient_647	0
patient_7	1
patient_86	1
