PATIENTID	SURVIVAL_STATUS
patient_54	1
patient_456	1
patient_484	1
patient_441	1
patient_370	1
patient_235	1
patient_23	1
patient_472	0
patient_610	1
patient_150	0
patient_171	0
patient_6	0
patient_37	1
patient_152	1
patient_315	0
patient_365	1
patient_361	1
patient_320	0
patient_443	1
patient_466	1
patient_183	1
patient_114	0
patient_299	1
patient_368	1
patient_53	1
patient_287	1
patient_504	0
patient_282	1
patient_653	0
patient_608	1
patient_558	1
patient_592	1
patient_406	0
patient_2	0
patient_59	0
patient_117	0
patient_78	1
patient_642	1
patient_517	1
patient_224	1
patient_459	0
patient_42	1
patient_198	1
patient_644	1
patient_509	1
patient_418	1
patient_234	1
patient_473	0
patient_338	0
patient_96	1
patient_612	0
patient_313	1
patient_89	1
patient_639	0
patient_397	1
patient_126	0
patient_140	1
patient_163	1
patient_193	1
patient_197	1
patient_207	1
patient_210	0
patient_260	0
patient_262	1
patient_269	1
patient_275	1
patient_277	0
patient_281	0
patient_288	1
patient_311	1
patient_334	1
patient_343	1
patient_347	0
patient_36	1
patient_385	1
patient_386	0
patient_396	1
patient_417	1
patient_419	1
patient_436	1
patient_440	1
patient_476	0
patient_495	1
patient_52	1
patient_521	1
patient_538	1
patient_572	1
patient_579	1
patient_582	1
patient_587	1
patient_622	1
patient_636	1
patient_646	1
patient_647	1
patient_7	1
patient_86	1
